reviewId,userName,userImage,content,score,thumbsUpCount,reviewCreatedVersion,at,replyContent,repliedAt,appVersion
153019d5-ec8c-49ed-851e-a6db965727bf,Rizki Rahmawati,https://play-lh.googleusercontent.com/a/ACg8ocJv-qm-RWE0-rnN-vn9WIXARL3OJ5lBTJdtudQ2kY4FB0yl0M4=mo,Aplikasi ini bener membatu saat saya gunakan dulu karna lumayan lengkap koleksi buku dan jurnalnya daripada di perpustakaan-perpustakaan digital lain. Tetapi entah kenapa akhir-akhir ini aplikasinya tidak bisa digunakan untuk membaca dan selalu keluar-keluar aplikasinya. Saya mohon untuk diperbaiki aplikasinya. Terimakasih üôè,2,1,1.0.14,2024-04-22 21:24:12,,,1.0.14
0b1aa099-3824-47e2-b3bf-149722458c19,Ai Raito,https://play-lh.googleusercontent.com/a-/ALV-UjWTN-q6pUzgR7-jpoDkY30vInytibuR0c8oldOX8PwscfGyLoIX,"Loading doang padahal error, soalnya pas loading kecepatan internetku bukannya bertambah malah jadi 0.00 KB/S. Sayang sekali aplikasi2 dari pemerintah banyak banget yang error mulu gk ada perubahan padahal seharusnya berguna. Tolong diperbaiki, terima kasih",2,1,1.0.14,2024-02-22 21:20:07,,,1.0.14
5ba76f44-51b8-403e-b10f-0d870f51e872,Rusli,https://play-lh.googleusercontent.com/a/ACg8ocIuvAvjqYMDxbRdZl0ybUzgOrCUMcBOQoHGDyPA2FCrx9h4ulc=mo,"Tolong perbaiki lagi aplikasinya. Bukunya sudah lengkap, tapi nggak bisa dibaca. Setelah memuat data buku bacaan, sering tertera 'content error'. Jadinya nggak bisa dibaca bukunya.",2,8,1.0.14,2023-12-23 12:37:31,,,1.0.14
1674739c-25d7-4c11-9423-36c3a9f3fae8,Picii,https://play-lh.googleusercontent.com/a-/ALV-UjUrxIaJprjdujczqDTD-9wc_nk3GUUpSaVliA_FpQybgrXvfnkj,"Tolong dong diperbaiki sistemnya, bener¬≤ loadingnya lama dan suka error. Padahal aplikasi berguna bgt tapi klo gitu terus mls pakenya juga",1,4,1.0.14,2023-12-10 19:56:47,,,1.0.14
57599797-e7f8-4682-8aca-c876309721ec,Anita Rachmawati,https://play-lh.googleusercontent.com/a-/ALV-UjXi-Lwy_8cw272gvS_BMdB_W49u9ZkeJ1S5l2HBqyGEuY6ZgGuNVg,"Aplikasinya bagus, tapi kadang tiba-tiba log out sendiri terus pas log in lagi susah banget. Kadang juga tiba-tiba harus update data lagi, tapi bagian klik tanggal lahir kadang ngga muncul optionalnya. Padahal ini aplikasi e-perpus yang paling bagus sih menurutku selama pake beberapa aplikasi e-perpus, tapi masih harus ada beberapa perbaikan.",4,12,1.0.4,2023-02-01 19:32:18,,,1.0.4
27a0e2b3-e02e-4fd3-9bf2-ca2cd72e9e1d,Nym P,https://play-lh.googleusercontent.com/a-/ALV-UjXVyOBgiuZeCLX-eY07Ahh6qOPoiEyb7S4SiT3UiW7WX3WeP9BC,"Bagus aplikasinya dengan banyak pilihan buku digital dari SD sampai Perguruan tinggi, fiturnya juga sudah lebih baik dibanding yang lama. Sangat rekomen untung semua kalangan, apalagi ada video tutorialnya sangat membantu",5,1,1.0.4,2023-01-20 16:14:28,,,1.0.4
13feb8a7-2353-4765-96fc-4af273ceb80d,eyaa,https://play-lh.googleusercontent.com/a-/ALV-UjUnUBJxrAHIiFl7PSbhvaOxz1SxD378YL_nxqlyO7T57T4ac0A,Dengan ada nya apk ini mempermudah banget untuk buat yg suka baca banyak buku digital dari semua tahapan sekolah fitur fitur nya jg sangat lengkap dan yang buat makin bagus ada fitur audio book jdi gak akan bosan untuk baca,5,0,1.0.4,2023-01-15 13:22:49,,,1.0.4
501e38de-ca3e-4bf9-ba16-b266b5b2a334,Novita Ratna Deviani,https://play-lh.googleusercontent.com/a-/ALV-UjX7syI34EzmB7SAI9zOBf65E7FaL3Ds151DZ5AoXrFr9IhbMvwA,"Saya berharap aplikasi bisa lebih cepat. Selain karena loading yg lama, sering eror juga. Saya yakin buku-buku didalamnya menarik. Tidak sabar untuk sering-sering membaca buku disepanjang waktu.",3,1,1.0.11,2023-11-28 11:30:41,,,1.0.11
1c70d76c-d649-48a5-a4d3-ae060e15789b,nabas yayan,https://play-lh.googleusercontent.com/a/ACg8ocLqmZ7_IjBVtuVvcWQeiu3wF_dF0odaaGlI1DVm3JcXPOtpDQ=mo,Loading nya lama servernya sering error mohon di perbaiki,1,1,1.0.14,2024-03-06 21:32:29,,,1.0.14
55a50461-9f4e-44bd-9833-d38a6586faeb,Mang Tomat,https://play-lh.googleusercontent.com/a-/ALV-UjX53J65AiDG44pfA-DNIN0IcR3ft7tU9bwbfnN6GcxmD7r5ZAs,"bagus simple, hanya masih terlalu slowly saat update profil dan saat membuka buku pilihan, berharap bisa diakses sempurna dengan perangkat yg tidak terlalu tinggi spesifikasinya, mengingat tidak semua pelajar mampu memiliki ponsel yg bagus. salam literasi",4,9,1.0.4,2023-01-04 08:36:21,,,1.0.4
c7a084b8-b78e-4d53-84d5-04eb24baa536,Rahma Pramudita,https://play-lh.googleusercontent.com/a/ACg8ocLxlsgyTxDXX41pOR9LQoD_NhzyqQTQC1zXLXrf2Rl5ASomIOs=mo,"Kenapa ga bisa masuk ya? Padahal sudah bikin akun, pas masuk ga bisa Mulu tulisannya akun email belom terverifikasi",1,0,1.0.14,2024-03-15 07:42:11,,,1.0.14
30410da7-abd8-4160-b90f-cba2a51fbe17,Takemo Kemo,https://play-lh.googleusercontent.com/a/ACg8ocJqADmFNTm9Q7oH8iU7m9VXvvFlDbcFS1k37wcYdGIJfwf3gg=mo,"Antusias dengan aplikasi ini, tapi apk nya tidak berfungsi sama sekali, saat ingin membaca atau pinjam selalu minta mengisi lembaga, tetapi didalamnya tidak ada pilihan,, dan jika di back harus mulai dari awal mengisi data diri astaga,,,,apk nya sangat berat, dan lambat, apk belum bisa saya manfaatkan sama sekali,, tolong ini pengembang apk untuk di perhatikan,, kirain bakal bikin seneng eh malah bikin sebel,,",3,11,1.0.5,2023-03-07 18:52:15,,,1.0.5
37ae8c31-ab8e-4cc8-a0a0-8b614c6910e1,Darendra Zevano,https://play-lh.googleusercontent.com/a/ACg8ocL49t-26KE_qix5oXkP-CMoi2yDP8z8K4zrDameunNn6KXWWQ=mo,"Ok banget aplikasi banyak buku dari berbagai tingkatan yang sangat membantu mulai dari sd, smp, sma bahkan ada yang mi, mts, ma, penggunaan aplikasinya juga mudah ga ribet dan simple karna bisa dibaca dimana aja tanpa ribet, okay banget",5,2,1.0.4,2023-01-11 18:13:17,,,1.0.4
63ee19ce-3341-4b02-8b2c-0c3d2e86e66a,Muslimah Nurhayati,https://play-lh.googleusercontent.com/a/ACg8ocLgD-RHa4j83I-s3eTHKwPD-DYfXyzziSqiRr4uiNK1wZAQ1w=mo,"Bukunya lengkap sekali dari sd hingga perguruan tinggi, trasformasi aplikasi yang lama ke yang baru cukup baik fiturnya lengkap ada audio book dan vidio book juga mantap.",5,0,1.0.4,2023-01-23 18:39:26,,,1.0.4
3ef4a963-ad52-4ac3-a64e-2172e0804c67,Di Jual,https://play-lh.googleusercontent.com/a-/ALV-UjVjYYSl0kkaqKp0c0Evunkq24YbtuvpA5WOjAgUA-iYfE8C_Us,Memajukan literatur Indonesia banyak buku digital dari mulai buku SD sampai buku perguruan tinggi. Terus bukunya isinya lengkap fiturnya juga menarik dan lengkap transformasi aplikasi yang lama ke yang baru nya cukup. Good job,5,0,1.0.4,2023-01-13 11:10:18,,,1.0.4
b488cc48-f1a1-4a22-8e63-e9dce42848c4,Syarif Hidayatullah,https://play-lh.googleusercontent.com/a-/ALV-UjXKkMR5PhkyY2zGip-_cEd9eybJ45_TXgHwSguH3hvkJFM3ktRO,"Sangat bermanfaat sekali BintangPusnas ini, bagi siswa dari yg dasar sampe mahasiswa yg perguruan tinggi-pun ada. Semoga aplikasi ini dapat berkembang pesat dan bisa memperbaiki budaya membaca di negara Indonesia ini.",5,0,1.0.4,2023-01-15 08:56:58,,,1.0.4
7a2681fb-274c-4f74-ab88-94c85e9c2c76,King Pharaoh,https://play-lh.googleusercontent.com/a/ACg8ocKxohp4_ByGEHM3ab_ls2XjHDOOrG5KWzlmpguBI34umHqFqw=mo,Apresiasi setinggi-tingginya untuk aplikasi yang menyediakan berbagai buku mulai dari tingkat SD sampai perkuliahan. Tersedia dalam bentuk audiobook maupun videobook. Jadi semakin menambah wawasan. Terima kasih.,5,0,1.0.4,2023-01-22 20:46:54,,,1.0.4
1d004341-a8ac-48fe-a752-9a2d705df529,Widi Vence,https://play-lh.googleusercontent.com/a-/ALV-UjUmKsczchG0fDUtuUGQhPJ5giQt-nDjMzhG4qgrxZUB7MGmb_hH,"saya daftar dengan email baru, dan sudah berhasil terdaftar tapi belum terverifikasi, tapi setelah dicek kenapa tidak ada email dari pihak ipusnas? Gimana saya mau menverifikasi email ya?",2,5,1.0.11,2023-11-30 07:34:13,,,1.0.11
b575cc46-b5c3-45a0-a592-d06f617bef62,Holifah,https://play-lh.googleusercontent.com/a-/ALV-UjWHIq3-R1ftbDhswqQJS_Hu9IWKhbX8tuJc9p1CeDb7fsEe1t4,"Transformasi dari buku yang lama ke yang baru sangat bagus dalam perkembangannya mana lagi banyak pilihan bukunnya serta ada juga video book juga,keren banget.",5,0,,2023-01-17 12:14:45,,,
a59543e0-73c7-4e80-b61f-672c78df863b,Annisa Nur syafitri,https://play-lh.googleusercontent.com/a-/ALV-UjVeji0t4Joh7yPX8NOcigNLMAQjhNF8lquj_sW18R6ylKS70yyD,suka bgt sm apk terbaru perpusnas. Berkat apk ini bisa akses buku-buku SMP dan SMA sekaligus buat belajar. Semoga kedepannya bisa menjangkau lebih banyak orang lagi dan daya literasi Indonesia semakin meningkat,5,0,1.0.4,2023-01-15 08:38:28,,,1.0.4
23e191c4-66f0-4ba9-b576-772c713d4e02,Mngk Jee,https://play-lh.googleusercontent.com/a-/ALV-UjX0yYcGUdwBrcw9F6GAo3enwYPxr4LBLZ4aZeWNRen-nnew7zo,"Oke banget karena buku digital ini bisa diakses dimana saja dan kapan aja. Fitur yang ada diaplikasi ini lengkap banget, buku yang ada juga lengkap dan luar biasanya ada audio book juga ada video book",5,0,,2023-01-23 08:03:04,,,
1f376b53-3862-49b7-a8fa-a4e2645a3cc8,Bang De Nizar,https://play-lh.googleusercontent.com/a-/ALV-UjUPmqR7AU-aHCAhY9HUTfNvWniex8gmLXOtSA3zG_INLzmwJJm5,"Aplikasi ini hanya untuk guru, dosen, siswa dan mahasiswa ya? Soalnya waktu mau coba baca buku, pilihannya cuma 4. O ya, waktu coba baca buku, saat mau ngisi data, aplikasinya seperti hang.... jadi yah... terpaksa uninstal üôèüôè",2,0,,2023-01-04 10:40:06,,,
c1942d44-eb12-4a9a-9dbc-29dc33669787,bahi,https://play-lh.googleusercontent.com/a-/ALV-UjXoHpfQFS33mga9w91Iyrm8JSP7AniNTP4qcBLHC61qRt1sXZ4,"aplikasi yang sangat bermanfaat, mempermudah semua kalangan yang suka literasi, fiturnya juga sangat mudah, di lengkapi dengan video tutorialnya mantap",5,0,1.0.4,2023-01-18 20:07:18,,,1.0.4
6dd9241f-b186-4876-b582-3c9273aa5e04,Doni Mirza Rinaldi,https://play-lh.googleusercontent.com/a-/ALV-UjVQuSvxUaGMSDeSop8pDQ76va-0BFdmW6OCIjE1mCMhAZZ7I-qH,"Mantap, banyak berubah dari aplikasi yang lama, sekarang baru nyadar ada audiobook dan video book, jadi makin digital. Semoga dengan ada aplikasi ini menambahkan minat literatur masyarakat Indonesia, Good job",5,0,1.0.4,2023-01-13 17:05:00,,,1.0.4
e8f53ed6-8296-413b-adaf-8539a97dd958,Cut Fara,https://play-lh.googleusercontent.com/a/ACg8ocJ7HwvBSnBydA8FvNeX5R1_dPR0ZI9jOyFbbOS7zxEMi7-hdg=mo,"Padahal kemarin baru download, dalamnya bagus tapi tolong di perbaiki dong. Sekarang susah banget asik terkeluar sendiri. Please dong apk ini sanggat membantu kalo udah di perbaiki",2,0,,2023-02-24 14:26:53,,,
465223d4-b483-4da1-913f-2e84ef02b705,Ririn dinda Febriayu,https://play-lh.googleusercontent.com/a-/ALV-UjWQV1J7H5ShDpPLJgtceU4rzflbCsJWaLscYwwYUIHBf3dGKu0hfA,"Buku disini ternyata lengkap banget ya, first experience kesini, ternyata bisa versi audio dan video book jugaa, keren bgtt. Rekomen deh buat yg mau ningkatin literasj kesini, nyaman banget.",5,0,1.0.4,2023-01-24 11:21:35,,,1.0.4
5e064b15-0e35-4098-b767-f168f42371fb,gracias se endre,https://play-lh.googleusercontent.com/a-/ALV-UjV4BwNDC9iG-COY8JAxXoYNw_I0__EYk_Wk0vB7geEBLKCvOXvW,"gak nyangka perpusnas punya aplikasi,makin bagus nih.ku coba coba fiturnya nice,buku untuk dipinjam secara daring juga banyak pilihannya dan terus ngefilternya good",5,1,1.0.4,2023-01-14 06:17:39,,,1.0.4
bafe3b72-f29b-478f-aff0-f893d8585418,Anandya Winara,https://play-lh.googleusercontent.com/a-/ALV-UjUNjQzp-BwPNuvoECWVZ_4nee9fC6dw5-xH3E71Fi9qVb40Gs0,"Bukunya lengkap banget, mulai dari tingkatan sd, smp, sma semuanya ada. Diaksesnya gampang dan bermanfaat banget buat yang suka membaca",5,0,1.0.4,2023-01-21 20:15:48,,,1.0.4
bdcd7ca9-7998-4b4d-ac33-28e4157a5340,Uciha Naruto,https://play-lh.googleusercontent.com/a/ACg8ocKUXfxuAHdzU-rauY6r5MJ36RIKU8Ac8ZQgNHSeGq_BeRnNnw=mo,"Seneng banget ada pembaharuan dari perpusnas,fiturnya jadi makin lengkap. Tapi mungkin ada beberapa fitur masih perlu ditingkatkan lagi",5,1,1.0.4,2023-01-10 15:40:57,,,1.0.4
1f981e5f-d014-4018-9ab5-98260a264263,Wulan Rahmawati,https://play-lh.googleusercontent.com/a-/ALV-UjUw3CFWs3LqdKTd_fzraGParN7jU93sMU9Jw4NKxeV5C3uwtTs,"Perubahan aplikasi lama ke yg baru cukup baik, ada audio book sama video book. Buku untuk mendukung perguruan tinggi juga cukup lengkap",5,0,1.0.4,2023-01-12 13:41:07,,,1.0.4
d4943dbb-d3f1-443f-9116-241b82580df2,nur komariah,https://play-lh.googleusercontent.com/a-/ALV-UjW2pOKMwtZIx0Ag9ScsaiAHxvy4ar-gu3Urw3K82-fvT2fQxGU,"aplikasi ini bantu aku banget yang suka baca buku, fiturnya lengkap dan kategori buku nya juga lengkap mulai dari SD - SMA. aplikasi buku digital ini bagus bangett semoga makin banyak lagi buku"" nya ü§©",5,0,1.0.4,2023-01-20 07:05:14,,,1.0.4
f7d0519e-2de3-400c-98c5-92ffeddf8cd8,septi yanaz,https://play-lh.googleusercontent.com/a-/ALV-UjVPlgwK16w0UOeKA8jIoTPl2Toi9mxaefifHEMxw5GtQUZVgiu-,"mau belajar tp males baca? solusinya aplikasi bintangpusnas, aplikasinya tersedia audio book, pembelajaran jenjang SD sampe dengan SMK recommendeddddd!!",5,0,1.0.4,2023-01-19 19:30:17,,,1.0.4
7a9e4e58-5830-4640-a67a-d6bb5faaf4aa,Rizwan Iwan Dermawan,https://play-lh.googleusercontent.com/a-/ALV-UjUyPi02dG0jTy8NE2h1yYZp7dl0pZGUXakoYK8h5UFcvuh6zi0,"Aplikasiknya kaya perpustakaan offline semua buku ada lengkap,fitur- fiturnya banyak dan ada audio booknya juga.. Terimaka kasih bintangpusnas",5,0,1.0.4,2023-01-17 15:47:48,,,1.0.4
f5508777-1ce5-49bc-8888-a187560bce06,Itachi Uchiha,https://play-lh.googleusercontent.com/a/ACg8ocKsIp2wRJ8mZd5SN8p0trLnjMHCSZjVJl_026JuiT7ohWgs0A=mo,"Wow, suka sama aplikasi terbaru dari perpusnas. Fitur ok dan lengkap, ada buku digital juga. Makin inovatif. Semoga bisa terus berkembang.",5,0,1.0.4,2023-01-09 09:48:16,,,1.0.4
a026e4b2-4c2e-49ad-977d-7bed2534b95e,AHMAD FAUZI,https://play-lh.googleusercontent.com/a-/ALV-UjW0BlM8gT1QAyy5RWJPM2Gofzc17jkmrtQbiJoCIAvEXQD7_F8m,Membaca buku Perguruan tinggi disini tentang algoritma logikanya sangat bagus dan aplikasi lancar tidak mengalami kendala sama sekali.,5,0,1.0.4,2023-01-09 16:55:23,,,1.0.4
f06b1d56-cc9a-4b9e-a4ac-a5f1401e309e,Aditya Jamal Husain,https://play-lh.googleusercontent.com/a-/ALV-UjUbG1zCehOrLDQ_GsA-InOJWdwrFIkhBAmKiKd5EeGJB2PCFoI,"Fitur yang ada diaplikasi ini lengkap banget, ditambah lagi buku yang ada juga lengkap dan yang luar biasanya ada audio book juga ada video book",5,0,1.0.4,2023-01-09 20:05:34,,,1.0.4
c5e81b38-bdd7-4de8-b7b4-8135cb4f5d71,Fauzi Channel,https://play-lh.googleusercontent.com/a-/ALV-UjXC6fwcnFYW0G5eNqB8NXqK4y0jGhLxm0Oyy1q7jfh3AszYYBe-,"Untuk aplikasinya sudah bagus dan banyak referensi bukunya, cocok untuk mahasiswa akhir, hanya saja saat memilih opsi ""Pinjam"" tidak ada keterangan apa-apa, buku yg di ""Pinjam"" pun tidak ada, lalu apa yang di ""Pinjam""? Apa bedanya ""Pinjam"" dengan baca?. Kalo yg saya fahami sih, ""Pinjam"" buku lebih ke meminjamkan file buku elektronik ke pembaca dan diberikan tenggat waktu dan akan kembali ke aplikasinya apabila sudah lewat tenggat waktu, tapi setelah klik ""Pinjam"" tidak ada aksi apa-apa.",4,0,1.0.4,2023-01-09 05:00:17,,,1.0.4
42859c74-1f8c-42e9-8f3c-2f57d3e49b4f,Mochammad Fazriansyah,https://play-lh.googleusercontent.com/a-/ALV-UjVAB_KcCOxUgTRGrlllJL_xZjO2MJy__-w9r3Hzm23rysGb97H8,"Kolom pekerjaannya masih kurang listnya. Dalam pilihan Lembaga, belum ada fitur pencarian.",4,4,1.0.5,2023-03-11 22:13:05,,,1.0.5
f006ffe7-8206-4834-9d36-aa7b165ff5dd,Ahmad Lutfie,https://play-lh.googleusercontent.com/a/ACg8ocIkwcPGjCDn4nOcqglZKzDQ3zUc1SP3rxup3lTQJ-8sR5up4A=mo,"Aplikasinya lengkap banget buku mulai dari SD sampai buku Perguruan tinggi ada,appnya lancar g ada kendala, next diupdate fitur-fiturnya yah Terimakasih bintang pusnas",5,0,1.0.4,2023-01-27 06:27:38,,,1.0.4
0cb0cb05-5a8c-4995-9f1e-f71e413238f9,Charlotte Edogawa,https://play-lh.googleusercontent.com/a/ACg8ocKFNex_yguo48dW2kdRyiebHxadecPhm5JxSqK_g-zVUJ78RQ=mo,Aplikasi barunya Perpusnas membantu banget buat yang cari buku digital. Apalagi di zaman serba online ini. Jadi lebih mudah untuk belajarüíú,5,0,1.0.4,2023-01-12 18:21:56,,,1.0.4
3b83383c-06c7-46ff-a72d-915bf04ec8c4,Arsya Rafka,https://play-lh.googleusercontent.com/a/ACg8ocLseYK4jHu_J2tpaQks5gLNJPeJ2PSJcnkiPx1-VOnmJue_FA=mo,"Banyak fitur baru dari aplikasi yang lama,sebuah kemajuan yang bagus. Semoga lebih baik lagi kedepannya karena ada beberapa bug yang perlu diperbaiki",5,0,1.0.4,2023-01-18 18:04:47,,,1.0.4
b62f4dbd-39db-4ccc-ae88-55a3ddf109ce,cooky tata,https://play-lh.googleusercontent.com/a/ACg8ocLu7c4SnnbsVQG97Ho1mhF7mK25iRVz-zUS6D3e6ClhbrcU8g=mo,"Terima kasih developer udh buat apk yg bermanfaat kyk gini, bnyk bgt buku buku bermanfaat disini, bukunya bnyk bgt, fiturnya gampang, dah la gak ngerti lg pokoknya suka bgt",5,0,1.0.4,2023-01-20 10:45:02,,,1.0.4
2a2a1973-f4a8-487a-82ea-03be5c3b7512,Mars Slow,https://play-lh.googleusercontent.com/a-/ALV-UjVuCX7vADQG8zx7ty5_kPOP-Youj7sCHJUdfAMq0QcKGVigxic_,"Aplikasi nya gimana ini ??? Gak bisa baca ataupun pinjam padahal sudah instal di beda HP tapi tetap gak bisa baca Niat bikin aplikasi gak sih ??? Apa jangan"" aplikasi anak magang doank inih ? Masa Snapnaga 860 masih ngelah sih",1,2,1.0.4,2023-01-05 19:52:18,,,1.0.4
6c04cbf1-772b-47e7-beb1-983cf7b91d11,Pramadita Renanda,https://play-lh.googleusercontent.com/a-/ALV-UjVduLWiaW_HPTi8JCWqQ9suRWhtOAB095Yj4yFOyyDQZWoID7l7,"Aplikasinya memudahkan masyarakat membaca dan mengakses buku-buku yang dapat membantu untuk belajar, serta koleksi bukunya sangat lengkap dari jenjang sd sampai sma, rekomen bangetüòÉüëç",5,0,1.0.4,2023-01-27 17:52:52,,,1.0.4
acd9febb-83d9-45bf-a678-e30dad7caeca,Meita D.p,https://play-lh.googleusercontent.com/a/ACg8ocLHf1swSDWTPxYVw9kg-9RsFYnARmb1scOLCSmCxOvtnDFoBw=mo,"Lagi diluar pun ngga ada ya alesan buat ga belajar, keren bgt sih ini yg nyiptain buku digital , tersedia audio booknya juga emg ga diraguin lagi deh",5,0,1.0.4,2023-01-16 18:53:20,,,1.0.4
fbe7441f-2646-4984-965d-2a79172a31cd,Hendri Candra,https://play-lh.googleusercontent.com/a-/ALV-UjVVBcwEObmbqTvyl42TlpLwVMFBGKdukhelkPXR3jluove8jiYe,"Lengkap banget buku di sini ternyata, apalagi buat kuliah, versi audio dan video book nya ngebantu banget, bakal ningkatin literasi nih",5,0,,2023-01-24 18:15:48,,,
c5cfd5c0-43b1-4e82-a375-7b40d6abbb17,Sasa,https://play-lh.googleusercontent.com/a-/ALV-UjWyO2i0qE_eWlU4x8L6EPfQ2Ikurtj2r88USQgBzVCeWOfLoA,"Oke banget aplikasinya,membantu sekaali banyak buku2 digital ,buku dari sd smp sma semua ada .Memudahkan untuk belajar recomend banget.",5,0,1.0.4,2023-01-25 12:02:53,,,1.0.4
a7e3930b-dc6f-48e0-8e9c-cd7fcd3162d3,Phi Love,https://play-lh.googleusercontent.com/a/ACg8ocI5B_ewYJQxW0AyshjRxtcD8QuA_WhPME33SSJtZFFXOWTDyQ=mo,"Lengkap sekali buku-buku disini. Mulai dari buku SD, SMP, SMA sampai Perguruan Tinggi juga ada. Dan yang bikin kagum, ada audio sama video book juga. Jadi makin cinta sama aplikasi ini",5,0,1.0.4,2023-01-18 14:34:23,,,1.0.4
31d98dcf-3fdb-4335-85f6-ae0c2f6bfd6e,Ramli Luqky,https://play-lh.googleusercontent.com/a-/ALV-UjXB83_8UV9D7BPuR90l7x_PbrduYhsUkd_pibY0kMxj7RGh3Icm,"Aplikasi luar biasa ada audio book, video book. Lengkap buku digital dari SD,SMP, SMA, MI, MTS, MA dan SMK. Fitur lengkap dan mudah dipahami!!!",5,0,1.0.4,2023-01-27 14:05:35,,,1.0.4
e784a8fc-e07a-4e0c-8589-4837f8d1e3d1,abdurofiq official,https://play-lh.googleusercontent.com/a-/ALV-UjXjnS_E3vUlKVGSdpt0Qt3Rvpul8_dOtqd1ma1KXC-74-_vqsyK,"Aplikasi yang sangat bermanfaat,buat belajar bukunya lengkap, tersedia semua tingkat SD, SMP, SMA/SMK. Dan Perguruan tinggi.",5,0,1.0.4,2023-01-13 14:38:55,,,1.0.4
dbf72dba-ae43-4416-9bbc-13f46eb3dffe,Rifdun,https://play-lh.googleusercontent.com/a-/ALV-UjXF1-ZPD-RVyHZp-eYdb-xOOwOmtw3Ej22kG2rdz4PI-4rIKME,"Simple aplikasi bisa di akses dengan mudah, fitur-fiturnya juga lengkap dan mudah di pahami. Saya bisa mempelajari algoritma dengan mudah",5,0,1.0.4,2023-01-12 12:16:04,,,1.0.4
c3c62af7-da93-4f02-9eaa-6bb8c2a15cfb,Selfiani 29,https://play-lh.googleusercontent.com/a/ACg8ocLGZQme_IOemGHmlqjnhXyjoucHnGyFnEISLzz-xhFKKQNb6g=mo,"Aplikasinya sebenarnya bagus, tapi entah kenapa 3 hari terakhir ini aplikasinya network error. Sad banget padahal aku lagi mau nyari buku buat tugas akhirü•≤",3,0,1.0.4,2023-01-24 13:16:27,,,1.0.4
3d0a29da-f793-4a9e-9056-c33a5bf7519d,shopee shop,https://play-lh.googleusercontent.com/a/ACg8ocKpZWhZGImlhohsMBpomq0nefn97yZ6j7yMG2ZrurFUMR7fHA=mo,apk literasi paling recommended isinya buku2 digital mulai dr sd sampe dengan SMA/SMK. dalem aplikasinya juga ada audio booknya keren bgttt !,5,0,1.0.4,2023-01-08 16:56:53,,,1.0.4
505c34bc-5e60-48b1-8a75-3af6fe7c7e13,Lariesta Handayani,https://play-lh.googleusercontent.com/a-/ALV-UjUJrp3nWRF1tSsNcZ2_jCcGNgoXMNh9g9rAURPd-bJDZbCrikkp,"Buku digital nya lengkap mulai dari tingkat SD, SMP, sampai SMA. Fitur nya juga user friendly. Semoga kedepannya pendidikan Indonesia langsung pakai buku digital aja biar ga berat bawa buku paket...",5,0,1.0.4,2023-01-11 16:36:39,,,1.0.4
b2e5e5b5-4bde-4ee3-942d-8e96cfe4758e,Noval Kurniawan,https://play-lh.googleusercontent.com/a/ACg8ocJC5jyMxMnwgk-gsjPw1hdVLvXzgryJq2c8nsEXBVKFnjIL75Q=mo,"Buku digital cuma modal kuota cm di aplikasi ini, tersedia berbagai jenjang sekolah mulai dr SD, SMP, SMA/K . Bukunya lengkap di sertai audio book, kerennn bgttt",5,0,1.0.4,2023-01-10 12:45:01,,,1.0.4
b80183ad-81f9-4f14-96d1-51298f90460a,Ray Harding,https://play-lh.googleusercontent.com/a/ACg8ocLZQe_TQkPsMtNsvXfEnSdJP0CalkU-gRchwHu2HHAWNLGR4A=mo,Apk buku digital yang recomended karena buku nya lengkap dari sd sampai perguruan tinggi ditambah tersedia juga fitur audio book dan video book mantep pokoknya,5,0,1.0.4,2023-01-24 06:17:06,,,1.0.4
5b30a7eb-97a3-4af9-b6e6-b6ba3eb11b2f,Adit Husain,https://play-lh.googleusercontent.com/a-/ALV-UjWNIkGM6g2gLvRQxh81HMqjKa4sEYEb8jIS4zibX-vQjKIUg2Y,Suka banget sama aplikasi ini soalnya ternyata ada video tutorialnya dan luar biasanya lagi disini ada audio book sama ada video book nya,5,0,1.0.4,2023-01-14 18:32:14,,,1.0.4
2c64d17d-ae0c-4843-b06d-c3a854bd441d,Rahadhian Lika Pranasta,https://play-lh.googleusercontent.com/a/ACg8ocKQ4fXFphH-ffYyCHRyKZ1fTUEsMgMju4Ut7fpILJ5qtae93w=mo,Apk BintangPusnas ini sangat membantu. Bukunya lengkap dari SD SMP SMA bahkan perguruan tinggi fiturnya juga lengkap mudah di baca di mana aja üëç,5,0,1.0.4,2023-01-23 18:33:00,,,1.0.4
5cd3236c-2113-4a2e-ab79-6ca8bdf991e9,tuhozanolo Ndruru,https://play-lh.googleusercontent.com/a-/ALV-UjU5XQuB9Zt3Cr40UAm7DCo72-PuRsYY54v3bTvydQA_2BPFlRc9,Kok gk bisa di buka... Berhenti teruss......,3,0,1.0.14,2024-04-29 12:55:32,,,1.0.14
f1f98b29-8fa6-4ac6-82ee-7cc0976f76da,Naufal Ghifari,https://play-lh.googleusercontent.com/a-/ALV-UjX8_WXtqc57hDLeDQ3lxjHKLkXgo9zPiE1kn0sMqtM_ydqTY-8N,Kerenüî• Banyak koleksi bagus + aksesnya gampang. Tapi tolong perbaiki lagi UX nya masih rada berat heheh,5,1,1.0.4,2023-01-04 08:14:07,,,1.0.4
5b3077dc-2818-4370-9854-1c00cc0c2225,anisa nisa,https://play-lh.googleusercontent.com/a-/ALV-UjUKfTnQRqGUgrOnp-Hch1UXhe_WqB6Lj96-DK6wYyjf69jCn7xi,"aplikasi yang memajukan literasi Indonesia dengan fitur yang keren seperti audio book,video book dan ada tutorial video seperti udemy",5,0,,2023-01-21 17:29:50,,,
4582bac4-615b-4a61-a74b-a868f7824c8b,fatimah yuli,https://play-lh.googleusercontent.com/a-/ALV-UjX-V7r-Q8dGW4S2h-lkcGso5VWLKGSbDNm9oTGf098HA9hTeVjf,oke banget karena buku digital ini bisa diakses dimana aja dan kapan aja. fiturnya juga gampang dipahami dan mudah digunakan,5,0,1.0.4,2023-01-16 17:26:33,,,1.0.4
6e46ace3-235b-46de-9487-fd7f062f1297,fahrozi ojik,https://play-lh.googleusercontent.com/a/ACg8ocI8mKnlMrCypFmeEYD0bLadimyrUbcBPsWS4c0rKv-fC-eRFg=mo,"Aplikasi nya loadingnya lambat, padahal sinyal bagus, kalo sudah di perbaiki nanti kasih bintang 5",1,0,1.0.4,2023-01-08 12:58:07,,,1.0.4
1f7d775a-e905-4cb6-990f-3b1c9740b948,Tepos Job,https://play-lh.googleusercontent.com/a/ACg8ocJDEIEKEVBqwaxPiSIMrYTBB-oXHk24eN3PeMC9rei_IpfWrg=mo,Kok nggak bisa di pijam bukunya kayaknya load ing terus . . . ini tolong di perbaikin app nya !!!! Ngadu kemana lagi aku kan pengen baca,1,3,1.0.11,2023-11-04 11:48:59,,,1.0.11
626df603-d342-41bb-90c1-a5b29c420f2f,Vita Febriantt,https://play-lh.googleusercontent.com/a/ACg8ocKAdm2ZHJofKt3bhF9GDQEeWzlCxKpA_RVnuSXfLbvJXTWQng=mo,"Aplikasi yang sangat membantu dimana tersedia audio book, video book, dan ada video tutorial seperti udemy sukses. Keren",5,0,1.0.4,2023-01-25 17:24:42,,,1.0.4
c4199661-1764-4c9f-bce8-e6fe14698a63,Muhammad Syarif,https://play-lh.googleusercontent.com/a/ACg8ocLx-Xe0RfJ_eQ9Ldz7GZHvvXSQqipABf_cPLmPtpSJxx8uVIw=mo,"Bagus banget aplikasinya, buku bukunya lengkap dan ada audio booknya jg lho. Dapat menumbuhkan minat baca di negara Indonesia ini.",5,0,1.0.4,2023-01-23 07:08:34,,,1.0.4
259c9ba5-4730-4d25-a8e1-9d6d998bb3a9,Miftahul Fiqri,https://play-lh.googleusercontent.com/a/ACg8ocKiN48zK-8XTABFUlnTog-RdJwSIzoVQGiqvJIMiw2VpQQ5mA=mo,Sebelum nya makasih udah di permudah dengan aplikasi ini. Cuman tolong bug nya dibenerin gak bisa login loh,4,0,1.0.5,2023-03-02 19:19:47,,,1.0.5
854ebf4a-89fe-4a47-98c6-766f0abaa9f4,madame bell,https://play-lh.googleusercontent.com/a-/ALV-UjVC1SQl2nnsIADx8v7BojgRL7lVbj0wMSFe5xNhlgcAJZTEVLA,Terbantu dan senang sekali sama aplikasi BintangPusnas ini karena bukunya lengkap dari jenjang pendidikan apa saja ada,5,0,1.0.4,2023-01-22 20:11:08,,,1.0.4
2e28f805-f969-4d64-9274-8c3a55316e11,nhdfdl,https://play-lh.googleusercontent.com/a-/ALV-UjUSNR8uGsmSSzprYFfkEe_qZmMaHpubIqvcwjsjCIanuLobEWfI,"tolongggg perbaiki plisss sulitt bangett aksess masuk doangg lamaaa bangett, dan banyakk bug, ayolahh masa kaya gini apk pemerintah.....",1,0,,2024-03-21 14:03:59,,,
1447a78a-0bc6-4bce-9ae3-d93cd83d17b9,ray matsen,https://play-lh.googleusercontent.com/a/ACg8ocINUVrZs-p-pmUNP6yCq56EiUQYpgBaWUofzjRJ-bPPABc4gA=mo,apk baru dari perpusnas yang mudah di akses dan fiturnya lenkap semua buku untuk sd sampai perguruan tinggi tersedia di sini,5,0,,2023-01-14 17:19:43,,,
e69b6ba5-65ef-4af8-a484-ebd9b01946b8,Indo Amry,https://play-lh.googleusercontent.com/a/ACg8ocJvZcVIqLSmPw4fnzx0f7cJ06-6fmfJC0NIfhgcPYtVxrP-8w=mo,"Mantep bnget bukunya lengkap mulai dari sd,mi smp sampe smk ada. Fiturnya juga lengkap dan makenya mudhah",5,0,1.0.4,2023-01-18 18:34:24,,,1.0.4
57cf2e81-6ebe-43c8-9c29-ecab91826602,Lily Kiraena,https://play-lh.googleusercontent.com/a-/ALV-UjU_GceanLZqtBn9xAUj-plAIe21stGaH3tkz5MJl6b9z_KATzk,"Bisa untuk belajar lagi, bukunya macam-macam dari buku SD, SMP, SMA semuanya ada, tinggal baca digital aja",5,0,1.0.4,2023-01-08 13:25:03,,,1.0.4
1462612c-3bf4-4a4a-8451-13042ac0450e,Weirdap,https://play-lh.googleusercontent.com/a-/ALV-UjW1aDeUV-0W324VJYc3W5pSRyQJS1vx7vTncd83HF7z8R_vFOIp,"aplikasi yang bagus buat pelajar, soalnya nyediain buku digital juga pokoknya ngebantu banget",5,0,1.0.4,2023-01-08 19:02:52,,,1.0.4
ba0af089-8676-4075-9208-193a7da4b560,Siti Muzaroah,https://play-lh.googleusercontent.com/a/ACg8ocIAqpN66juapJY9u7orH_6jh3kj0LA3Zo6kRJkpmLCNOZ25Ug=mo,Aplikasi buku belajar yang efektif bisa di bawa kemana aja. Lengkap banget isi bukunya. Makasih perpusnas,5,0,1.0.4,2023-01-26 17:43:31,,,1.0.4
9bb2e439-7416-43c9-a5a9-978e726125d2,Fuzy Utami,https://play-lh.googleusercontent.com/a-/ALV-UjUcVZwIcbPdTiblh-d1T3hVJ2sFEw35HzOthRRW2iv1WT8qf2aS,"Bagus banget aplikasinya,,,bisa membantu di berbagai kalangan usia,,,banyak ilmu & pengetahuan yang di dapat...",5,0,1.0.4,2023-01-25 06:33:59,,,1.0.4
bb783fc1-7150-492b-8268-ebbb2a8736f4,Arrum Melatisya,https://play-lh.googleusercontent.com/a/ACg8ocLJbw1_0f-4hbieKJK45oABSgFZyzExi9EsObFQL33rDLSyng=mo,"Tolong diperbaiki lagi, karena sering banget keluar tiba-tiba dan disuruh log in ulang lagi",1,0,,2024-01-27 02:52:20,,,
d573ee06-4bdd-478c-a331-2d6f569b364e,Aldi,https://play-lh.googleusercontent.com/a-/ALV-UjXpL3HmphawiP08Kt16OuP1pBlQujn9t6JG5OST4xeWIjrz4yw,"Aplikasi buku digital yang lengkap bangett, kirain cuman ada buku dari SD nyampe SMA ternyata buku buat kuliah ada juga loohh",5,0,1.0.4,2023-01-15 07:40:44,,,1.0.4
475eb5e9-552e-4d9f-9f42-b882f0b75201,Rathaponk Wicaksono,https://play-lh.googleusercontent.com/a-/ALV-UjV99MVN-b8oCbitXFkqfCZeQiyMat-3sCC6d4WVpW2EwzzKVeskRA,"Sangat bagus, buku bukunya sangat lengkap, membantu bgt, belajar jadi lebih mudah,",5,0,1.0.4,2023-01-25 06:23:43,,,1.0.4
6eb81d73-2f13-4ecf-8999-4813be86670d,poniyah poniyah,https://play-lh.googleusercontent.com/a/ACg8ocKU6t7lSaTBMF4KV92OQFF8yT-7yHL1jAwPxikyGv2sMOj54g=mo,"Daftarnya mudah, koleksi banyak dan menarik, tapi saat mau pinjam koleksi agak susah",5,1,1.0.4,2023-01-04 08:25:37,,,1.0.4
a6e5701b-8b17-422a-9fbf-e9e0cb0a1571,Anggraeni,https://play-lh.googleusercontent.com/a/ACg8ocLb4ShGlxGxR032f2JtcZZKVjDRBfP-UpFhGov8E8oMTaDZ5g=mo,"Referensi buku banyak cocok banget nih belajar melalui android, dari matematika pun juga tersedia.",5,0,1.0.4,2023-01-12 11:52:20,,,1.0.4
5f6cb1aa-8321-421d-942f-cd0add2842a1,Hidayatul Hasanah,https://play-lh.googleusercontent.com/a/ACg8ocLs00d6rOAVvmAaeNh_Eaq50dnACxJsRrP-iweAn_22TWEb3A=mo,Sangat suka dengan aplikasi baru ini.... Sangat mudah digunakan fitur2nya juga lengkap,5,0,1.0.4,2023-01-12 17:56:50,,,1.0.4
40cdacc7-f57d-42b5-be0d-3335026ca5a4,Ariel Fabiya,https://play-lh.googleusercontent.com/a/ACg8ocLualA_-iVcRCciMNpm9dLuOaoZx7kWC95xK-kP1i6-52DV-g=mo,"Aplikasi yang sangat membantu dalam memajukan literatur Indonesia, ternyata ada Video tutorialnya seperti udemy sukses",5,0,1.0.4,2023-01-08 19:26:55,,,1.0.4
bf5cd7db-0bc8-4e8f-9a91-acdb7be92e36,Laij Putra,https://play-lh.googleusercontent.com/a-/ALV-UjXZJwPp8N3BdHcFpxbR8kcG08XeNPj2uhcTTsbXTW9E-SvRIws,"Baru tau ada aplikasi perpustakaan dengan buku selengkap ini, walaupun agak susah dalam menggunakan nya tapi aplikasi ini sangat bermanfaat bagi saya yang dari kalangan orang biasa. Terimakasih‚ò∫",5,0,1.0.9,2023-04-18 04:53:13,,,1.0.9
29670365-13d6-4e54-8c07-f15e7cfe0a44,Nova Aulia,https://play-lh.googleusercontent.com/a/ACg8ocLTAVKjkDi4NlervfV60UVExb-EENKI-dJBjHJyAiZL9MFtTw=mo,"Kenapa pas udh lama gak dibuka malah error gtu gabisa kebuka aplikasinya, tadinya dikira blm update",2,1,1.0.11,2023-10-31 22:03:22,,,1.0.11
21bca83a-758e-4d2f-84de-516b8ad12be3,Ara Rara,https://play-lh.googleusercontent.com/a/ACg8ocIX0SJbrk2bhB-3YMJYk4J6w3l-fnPGHZ5Bmz7PWgf01zPyNQ=mo,"Kenapa waktu mau baca bukunya cuma muncul putih doang, gabisa baca isinya. Tolong diperbaiki lagi.",2,3,1.0.11,2023-09-21 03:57:20,,,1.0.11
3d6fcb6b-1c92-4b13-b601-2b3f05574211,anfdsysyf,https://play-lh.googleusercontent.com/a-/ALV-UjURv0FITVxb8zeNkdEDKxzFHpKQXDwHL6qpHw5huEZdjI6mJdkB,"mantep nih aplikasi, bukunya lengkap, ada audio booknya jugak bisa main sma dengerin mapel",5,0,1.0.4,2023-01-25 07:24:39,,,1.0.4
e98cfdd6-22e3-4a21-a235-22e0853e8629,Hatta Yauma akbar,https://play-lh.googleusercontent.com/a/ACg8ocLjlErXbSGIMOvuSfs1Ek5yDwZfet202QPqRzm2cRGgRiktSQ=mo,"Nemu juga aplikasi terbaru dari perpusnas, fitur lengkap. Koleksi buku sangat lengkap. Anti lag",5,0,,2023-01-22 17:44:42,,,
4db582d0-e7f0-432f-89a3-6dcc04dd08b1,Riska,https://play-lh.googleusercontent.com/a-/ALV-UjUdz14ZFwZt74RQD0TDSsWEi0RJWLJdvLCk_a-XTNxAO3J7JgSC,"Bahan Pustakanya ngga bisa dipinjam, sering failed. Udah gitu error terus lagi.",2,0,,2023-11-03 14:15:59,,,
9d161b97-0755-4886-ba2c-4cd1d0e41611,Talitha Visa,https://play-lh.googleusercontent.com/a/ACg8ocKm4sviJTfy1lOp0LbAssNf-ywWtx_tZIbVb15V2AdJaY40pw=mo,"Install aplikasi terbaru perpusnas, fiturnya lengkap, bukunya juga lengkap, terbaik",5,0,1.0.4,2023-01-11 14:59:21,,,1.0.4
7d4cc98a-5957-4923-9bef-fa6378a9afce,Elsa Sri Rahayu,https://play-lh.googleusercontent.com/a-/ALV-UjU6Z-91woQ0bQPgsUWgVRp6QKAeuiAshPmfL37puoYO4XxhPH4X,"disini audio bukunya sangat lengkap, banyak bermacam macam genre. jadi nambah wawasan",5,0,1.0.4,2023-01-17 08:38:55,,,1.0.4
17e1ac03-912f-4cce-98fb-1adf26d51feb,E Va,https://play-lh.googleusercontent.com/a/ACg8ocIxNzox6dBqlNf6Zo05vHia4hN4tCrqb5e1FrMjJ95E7VgzkA=mo,Tolong ini app nggak bisa buat unduh maksudnya bukunya nggak bisa di pinjam tolong segera di perbaiki,1,0,1.0.11,2023-11-03 16:12:53,,,1.0.11
cf15790f-8c8e-4696-902a-fedd53f6eb2b,Sri ayu Hartini,https://play-lh.googleusercontent.com/a-/ALV-UjVqYayAysrS6ZxOQMop8K9sij74NT6xx59HiGwKPkewlatKT_w,"Aplikasi bagus, bukunya juga cukup banyak tapi yg jadi masalah adalah lodingnya terlalu lama",3,4,1.0.11,2023-07-09 14:19:32,,,1.0.11
811b9886-8d48-44e2-8686-16fa92275a1c,Muhamad Tajus,https://play-lh.googleusercontent.com/a-/ALV-UjUKKQxaB64PrVc-rB9NdCxiACBJ5yVTlqQ0BranyRrKnR7vsnv2,Banyak koleksi buku nya. Buku nya Lengkap. Ada fitur chat buat interaksi nya.,5,0,1.0.4,2023-01-21 18:06:44,,,1.0.4
be4d9636-ba22-46fc-81ab-505df0f6feb0,Putri Chann,https://play-lh.googleusercontent.com/a/ACg8ocKHIXxn6406Hw1tU7eXs1IloAkxttoy0nMoljlS8DrrhFi4=mo,"Baguss sii, dengan aplikasi ini kita bisa mengakses berbagai macam buku dalam genggaman.",5,0,1.0.4,2023-01-10 07:04:44,,,1.0.4
cbc7dbe7-2e69-4ac3-8815-d368aa3536f8,Achmad Zubairz,https://play-lh.googleusercontent.com/a/ACg8ocKdF3OLf7rRe1ahQOjiJrYY9QaGSFACvW0lnX9hHFUJA9Xnvg=mo,"mantep beud ada buku smk yg aku cari, fiturnya juga lengkapp , keren ni aplikasi buat belajar",5,0,1.0.4,2023-01-16 17:58:54,,,1.0.4
e867ce27-0a77-4781-aae9-0393aa3e01df,rudi dwi,https://play-lh.googleusercontent.com/a/ACg8ocKb96x1MESlKklIKRitQzlofKuA1tj85Gchmtj6RVisTTEQ3g=mo,"bagus si apk nya, buku buku yang di sediakan cukup komplit, maju terus bintangpusnas",5,0,1.0.4,2023-01-22 05:56:07,,,1.0.4
12816271-14df-4e5c-b9e5-0f4bfc20f23d,Andika,https://play-lh.googleusercontent.com/a/ACg8ocKFb_6hMX3NiWFZ1mis3VfSZ70CE2Lm7qI_fziQ3FAm686Y=mo,Mantap cari bahan buat tulisan atau belajar cocok banget pake aplikasi ini koleksi buku nya sangat lengkap,5,0,1.0.4,2023-01-10 17:19:05,,,1.0.4
51f15bb4-5cdd-4cca-9bc8-266c6ad788e3,Indah Lestari,https://play-lh.googleusercontent.com/a-/ALV-UjXLAuN2MsiefPl0eXlRi4bW3NcKC5xvS82HEojqbTEjnsYknPXf,Sangat membantu bagi kami yg gk punya waktu banyak ke perpustakaan ‚ù§Ô∏è‚ù§Ô∏è,5,0,1.0.6,2023-03-27 20:52:57,,,1.0.6
af636c5c-264a-4725-8385-bc7d29f58759,Sahabat Aku,https://play-lh.googleusercontent.com/a-/ALV-UjVBeh34e8Vvhvb2leFDFjVOgJyqdQkdx11vvdoWJY2qywQQ9pAx,"luar biasa ada audio book nya, bukunya lengkap sangat luar biassa",5,0,1.0.4,2023-01-09 16:24:31,,,1.0.4
8c0578b4-61e8-4c9a-8676-1f1735d1fc3e,Gabrielle Vanyaa,https://play-lh.googleusercontent.com/a-/ALV-UjUMKk9iOeN9GLzfnY2XmTEHnaUI6bbjOjAVcmrdbMznIORfSqY,"Ngebantu banget buat cari referensi belajarr, praktis jugaa, bisa akses materi sma jugaü§©",5,0,1.0.4,2023-01-18 16:40:03,,,1.0.4
d308f3ab-80b0-40ce-85d0-21dccb9e5ae0,Natasya Mardiah,https://play-lh.googleusercontent.com/a-/ALV-UjVg8qPeXbMLmMmW3Yu6dpr1ZSZN-0NiMY4RBz7IezLaPj4EeuNh,"Sangattttt buruk dalam mencoba pendaftaran, saya sudah lelah mencoba untuk daftar tp tidak bisa"" juga sampai"" Sy hrs ganti""akun.pdhl sy sdh senang tp mlh dibuat kecewa",1,0,1.0.4,2023-02-05 14:01:04,,,1.0.4
f0afc74b-3406-4086-872f-f4700f3a6919,Isti Kusmaning,https://play-lh.googleusercontent.com/a-/ALV-UjWdlhazgow3ctrn720dRrbx1n92dYMf22etafk9rRz4ob8f0z8,"Tombol masuk nya susah di klik, dan ketika dimasukkan email nya pasti mengulang ke halaman awal",1,0,,2023-03-14 16:04:58,,,
99c04108-850b-430e-887f-1dbbf151763c,Kastono,https://play-lh.googleusercontent.com/a-/ALV-UjXxcBVoA0UK57HJi1kf8Eqg6Z4aMDtWpYlZDHqEweLWzW08fQ,Kalau dilihat dari daftar isinya bagus ini. Tapi kenapa tanggal lahir tidak bisa diklik saat mau baca atau pinjam?,2,0,1.0.4,2023-01-10 21:21:25,,,1.0.4
151fa487-bde0-4261-ab3f-4de8c79445bf,Ida Ayu Putu Eka Pusparini,https://play-lh.googleusercontent.com/a/ACg8ocK4fcWLGwme8Jxi9lxGHBwKbIXX6lWsNhHV9TJ9TMHZWlatwA=mo,"apk bagus buat pelajar, isinya buki digital buku sd, smp, sma pokoknya ngebantu banget buat pelajar",5,0,,2023-01-16 20:15:17,,,
cf88cd3e-fbae-43da-9b37-64a750d25b82,Kudji Mamo,https://play-lh.googleusercontent.com/a/ACg8ocJVBANlcBSycSGjcd7A077N03p7LghoAy3T0Vc_k3FNA9fXkg=mo,"Aku pengguna baru, knp kalo mau pinjam buku parameternya eror terus? Padahal jaringannya ok.",2,0,1.0.4,2023-01-20 17:09:46,,,1.0.4
47b0fbd0-3eb7-4d38-bd61-3557716c8997,Salsu Salsabillu,https://play-lh.googleusercontent.com/a/ACg8ocLqOWxRL1Un_0DhJoIpncQa5n3DoNi8O22b66JasqlKM60Mjw=mo,Aplikasi ini membantu sekali untuk pejuang juara umum disekolah dan lomba lomba karena banyaknya buku yang tersedia,5,0,1.0.4,2023-01-21 15:16:51,,,1.0.4
103f7799-94c3-48ec-8b87-bab0e578a7ff,Uchiha Madara,https://play-lh.googleusercontent.com/a/ACg8ocK_ZUs0zxC2sNo0lYDeDhsjg-iK969JcVW2L7aJ4KV4D_3yXg=mo,"Terbantu banget sama appnya, sejauh ini apknya bagus, tapi susahnya pas kebagian ngantri üòÇ",5,0,1.0.4,2023-01-11 19:29:35,,,1.0.4
5ab763db-52c6-4096-9182-4c772ef1d7d2,Just Wardoyo,https://play-lh.googleusercontent.com/a-/ALV-UjV5bz64BHJOEWrotzr1ufC0ux79V0P1RUVhJi3MwcHX4PXHgoJSpw,"Gak bisa di pakai. Sudah pinjam buku, pas mau baca malah logout sendiri. Device: Samsung S21",1,0,,2023-07-24 07:29:14,,,
3964d96c-92dc-4d8e-8368-392638537e55,Sri Hardianty,https://play-lh.googleusercontent.com/a-/ALV-UjUGNJZbpbZADM_ViCvodD7Z32yo1Oeu8MRGSlohd9TYiyjc9nA,"Aplikasinya sering logout sendiri, jadi harus login berulang2",3,2,1.0.11,2023-10-03 23:31:27,,,1.0.11
a4c952ea-ce8b-4727-ab16-96a4ee749ddb,Manusia Hebat,https://play-lh.googleusercontent.com/a/ACg8ocLL8pazuyE0US5cIOl5ilrmcwC_BrdBC2OsiPjs-DSrtysJKw=mo,"Kenapa sekarang tidak bisa baca dan pinjam buku, ya? Selalu muncul tulisan failed?ü§î",2,0,,2023-11-05 19:51:25,,,
572d7428-955c-4704-8e0a-134d148f94ab,Wahyudi Bagong,https://play-lh.googleusercontent.com/a/ACg8ocL2-6BnMzNvHxL_aioHac4yDaLAVxWIUbBi0P3Imx0pgVsqkQ=mo,"Dengan adanya apk ini memudahkan siapa saja kalo mau baca buku, soal nya bukunya lengkap banget",5,0,1.0.4,2023-01-15 12:48:49,,,1.0.4
45e1dbe8-772e-4f05-993a-480540a49cab,geular eka,https://play-lh.googleusercontent.com/a-/ALV-UjV6VSwqvYrptg4PQZlnX9SFbrPu16UBf6Q3gjZaTtJ0Vlc6ON7j,"Aplikasinya bagus, cuman kadang bisa masuk kadang engga üòÖüòÖ",2,0,1.0.6,2023-03-20 18:28:18,,,1.0.6
133dd03a-865a-445b-b3d7-0681bc971276,Silvia Rahma,https://play-lh.googleusercontent.com/a-/ALV-UjUFKl8qx_EYvruiX5tFbwDlQs39UL2yV0DxhBwO9ROZCcPzauXt,"Aplikasi yang recommended, lengkap semua buku buku nya, sukses selalu",5,0,1.0.4,2023-01-24 15:31:11,,,1.0.4
fb7c6206-93a0-4848-8e22-e12b22f4d984,BAMBANG ALFATETA,https://play-lh.googleusercontent.com/a-/ALV-UjU19fX0gQv23sDbH45kH_VlgGdg6bYbnu0T1-18ngYMUdMFiui-ug,"Tiap hari mau dibuka tulisannya, email belum terverifikasi.",1,0,1.0.6,2023-03-17 06:28:20,,,1.0.6
3239ec1a-eeba-4180-844a-de0f4a4ad1b0,apri duani,https://play-lh.googleusercontent.com/a-/ALV-UjUIgCWjDJ3GvKwxfkzTspzaPfEY_bdYhPB92b99ZTxy6QzTj0xM,Lelet lemot padahal sumber makalah ku ada di salah satu buku yg terdapat di aplikasi inuüò≠üò≠üò≠üò≠,1,0,1.0.11,2023-10-31 10:15:28,,,1.0.11
857d7c08-ff20-4147-b370-8b213d4584d2,Sherina Bulan S.H,https://play-lh.googleusercontent.com/a-/ALV-UjVzcSM-w-zYKtyAUg0O2O76eU7tkl4Q-rlFUpsvqZCCNjGKbCIU,Gk rugi download apk bintang pusnas semua buku dari sd sampai SMA semua ada dan ada audio book sama video booknya juga. Keren dehüëçüèª,5,0,,2023-01-11 16:45:21,,,
899823fc-700d-4777-a644-def72b0ebe38,Eka Budi,https://play-lh.googleusercontent.com/a/ACg8ocJ8JLYczma39Paj4Uym6XczgPUhOiQTLvQWARIZevXOIalYgw=mo,Aplikasi yang bermanfaat bagi siswa yang malas ke perpustakaan,5,0,1.0.5,2023-03-06 20:29:36,,,1.0.5
e68652b8-f69c-47a7-93f4-411d644b46b3,113 Zein Nurul Layali,https://play-lh.googleusercontent.com/a-/ALV-UjUBxBYvMAs9Tl4IF2meYknKT2WtLkyxiIGJt2qipUXVe-mNyqFk,Aplikasi ga jelas ering eror mana loading mulu TOLONG YA DITINGKATKAN LAGI!!!!,1,0,1.0.4,2023-01-22 20:10:51,,,1.0.4
7c98d16c-3cab-47f4-9744-dd663fa5fd7f,Sri Rahayuningsih,https://play-lh.googleusercontent.com/a-/ALV-UjXpwBOyqcRjgyQQzu4juydU-GRw3iRZ0qEUEz8v_Ne7CXxVWTnk,Aplikasi ini sangat baik untuk mendukung dan meningkatkan kualitas belajar peserta didik.,5,0,1.0.11,2023-10-02 22:35:41,,,1.0.11
de573075-1d2c-48bf-9220-71b67985f7aa,Shakila Claire Dinova,https://play-lh.googleusercontent.com/a-/ALV-UjUWMj-H_8fDgI4mfT0GMYL-hcvuZyjZJ_YiazIMzj4ArFc18gKI,Mohon diperbaiki loading pada saat membuka ebook nya,2,0,,2024-03-17 08:18:52,,,
7bb8a480-80e0-44f2-8583-b0511a84ca62,Stiky,https://play-lh.googleusercontent.com/a/ACg8ocLUaTk1sgrhooftcZcTP9cPSUjvtC7C0_9NPchDND9JKVk7Cg=mo,Sangat membantu sekali sampai dari buku SD sampai SMA ‚ú®,5,0,1.0.4,2023-01-22 18:28:17,,,1.0.4
2144c9ac-c1ba-46dc-9251-cd366d14e129,Ibususi,https://play-lh.googleusercontent.com/a/ACg8ocJsVOIjD5KuJHwVX06SyZw_tNkOIEaveVb2AUgp55wm98P0EQ=mo,"Buku bukunya lengkap, bisa buat belajar anakku jg jadi ga usah beli buku fisik",5,0,1.0.4,2023-01-16 11:32:51,,,1.0.4
2c329d6a-a307-4fb3-af81-f3982eccb0be,Ferry Romy,https://play-lh.googleusercontent.com/a/ACg8ocKwr_sAJ9J6_pjQfTqy88JwmHPGJOdmlI1_VXp5uHDDcYoUdg=mo,"Apk ini menyediakan berbagai macam buku digital, mulai dari SD sampai perguruan tinggi, sehingga memudahkan orang dalam belajar di mana aja.",5,0,1.0.4,2023-01-13 10:46:12,,,1.0.4
b3140bee-c888-4e38-be53-384e51f7df16,Dini Ratna Rahayu,https://play-lh.googleusercontent.com/a-/ALV-UjW5KEPbjHf5u3kB08IenNKTz1GcyIyiC81en9DSq0bHH1BVYsc1,Meski banyak kendala di awal. Setelah direfresh akhirnya bisa.,4,0,1.0.4,2023-01-07 00:31:15,,,1.0.4
eac5400e-9d45-44b0-b5e6-2232264922e0,Juragan Sahroni,https://play-lh.googleusercontent.com/a-/ALV-UjW7X66tG5k7vy4QXIkwor28sxR_RK5WCoXDQLxCTVrVi7ldeVZQ,Banyak fasilitas yg tidak berfungsi,1,0,1.0.4,2023-01-04 21:53:28,,,1.0.4
1858bb45-e71e-4e7f-9907-cc335dec71d7,Risdayanti Nintias Manaraja,https://play-lh.googleusercontent.com/a-/ALV-UjWLhoPVIj6ynSARlYwqQMtMTlHJDExB7VxlTL6PqcUkoBKnHiYL,Mengapa tidak bisa mendaftar untuk bisa baca buku ? Selalu error,3,0,1.0.4,2023-01-21 21:08:19,,,1.0.4
6d71d486-7523-40fa-9860-0f1d6b8428cc,chi rizzal,https://play-lh.googleusercontent.com/a/ACg8ocIZmzRadmbtfGgIC3PO2VhLof8NnkPtpAuxqQbJ9pCoTRD_Vg=mo,sangat cocok bagi penulis baru karna memajukan literatur orang indonesia.,5,0,,2023-01-13 16:56:27,,,
cdbe5838-dceb-420f-8882-96bfb29763e5,Hariz Pokemon,https://play-lh.googleusercontent.com/a-/ALV-UjUZt61zrvALK19_lEZYsY2NvBn0Ao_N4nU4LPCMHLUOFyJB3j0,Aplikasinya tidak bisa masuk / login,3,1,1.0.5,2023-02-28 09:39:01,,,1.0.5
11561f31-537c-4c32-970f-09b7885d49ce,annisa syaefulloh,https://play-lh.googleusercontent.com/a-/ALV-UjVo9pndTivmg6prlOWHO7PluW1AjSV4Ct0NRd_6tzoXf40cC0fU,"aplikasi buat bacaan sekolah, adek aku download app ini di hpnya buat buku pelajaran di sekolah",5,0,1.0.4,2023-01-26 20:04:19,,,1.0.4
cc056110-54b7-475d-91ac-9f1ad54f2c6f,Muhammad Ishaq,https://play-lh.googleusercontent.com/a-/ALV-UjVsyMH87qAvOkPpe0ti1syApKvgb8MqPiV0FYczLEbtkANXljcf,Sangat bermanfaat utk mencerdaskan anak bangsa,5,1,1.0.4,2023-01-04 08:19:40,,,1.0.4
e998567c-65c9-49e0-94ef-c2f4918e4dd7,Intan Permatasari Y,https://play-lh.googleusercontent.com/a/ACg8ocK4onX865PMhe_1vsDLc6VBEAyKbsWluBYNJLHqmOhVpkkTaw=mo,Cari referensi literatur nasional ada semua disini.Cari bahan rujukan buat skripsi juga up todate,5,0,1.0.4,2023-01-23 19:22:45,,,1.0.4
d3e508a8-6878-468d-9f56-6fcce624e0b9,Pety,https://play-lh.googleusercontent.com/a-/ALV-UjU0eBT-Y7Ed-4tummRQFKV-s9RJ4Nw83cKn3PrBSYIxHhfU19X1,"Setiap login keluar sendiri, mohon untuk dibenahi lagi. Terimakasih üôèüèª",1,0,,2023-02-25 12:38:54,,,
1244fe38-dc6d-4e41-9c22-65d8eb282ae9,Kevin Pelealu,https://play-lh.googleusercontent.com/a-/ALV-UjXNLBA-n1qSa3AdlbdZjszpGLuZwBQfL3Rv6c2pjmi6JiEYZhUg,"Email verifikasi tidak dikirim, Perpustakaan Nasional not digital book",1,0,1.0.6,2023-04-01 15:31:47,,,1.0.6
6fe39c3e-e9f4-4abf-afc0-3a6c20d68afc,dinar wijaksono,https://play-lh.googleusercontent.com/a-/ALV-UjXuIWawOihbU_1eEOJ_ytF-BRd73J3adHH2FKEdjBlXLp_VSj8W,Disini ada buku perguruan tinggi yang lumayan lengkap. Mahasiswa wajib download ini sih,5,0,1.0.4,2023-01-09 17:42:57,,,1.0.4
a71524a0-6653-4056-b012-fda9d882f302,Ummu Adi,https://play-lh.googleusercontent.com/a/ACg8ocKC8F-7a9cZf1B_gWh1NL-vwBYJbJdXgmUh3c_6Zj9tiTtprA=mo,"Susah masuknya , berkali2 dicoba sllu log out",1,0,,2023-06-04 09:25:32,,,
50ede65e-ed71-42ed-89fb-40ca3384906b,Yogie Wahyu Purnama,https://play-lh.googleusercontent.com/a-/ALV-UjVnc0b2Arlq-wwpzzYfVQVHJ5ecnfeR8TAlfNIyUJyiTTeNFIsg,Belun masuk udah eror code kasi 2 bintang dulu nnti klo udah baik baru kasih full,2,1,1.0.4,2023-01-04 07:32:25,,,1.0.4
8ea2ac8b-784e-454e-b1c5-c1981a6a9872,Fitri Rahmawati,https://play-lh.googleusercontent.com/a-/ALV-UjWQHF0jShFZKh_cmfDBB4yq1O1A6_iYVbwggIdKOCdj7l_VdrzD,Buku digital dari SD sampai jenjang Kuliah pun ada disini. Enak banget jadi bisa dibawa kemana manaa. Simpel kalo mau baca tinggal buka hp aja,5,0,1.0.4,2023-01-14 17:33:37,,,1.0.4
0f755104-2b19-4259-a8d7-5d2d3b9e1c21,Pandu Jaya,https://play-lh.googleusercontent.com/a/ACg8ocKgOWtNDI7V3xVrWtanJBWIuGE_ooD3R3Y9c9M_ELkR7V7uhw=mo,Terbantu adanya apk ini aku yang mager nyatat tinggal buka apk ini aja karna semua mapel dari sd sampe Sma ada semua,5,0,,2023-01-26 20:25:44,,,
ecebf96e-9d0d-44f2-868b-90421acd8e84,Andi Mappintjara,https://play-lh.googleusercontent.com/a-/ALV-UjU7_qcf0MsqM4Cvf4U4rTGXPyDQbtXKjUfdBgbbKcbhoJV0_acl,Smoga lebih berkembang dan manfaatnya menyeluruh,5,0,1.0.11,2023-09-18 13:06:16,,,1.0.11
2d125e5d-76fb-4179-b821-b1c09a09e398,Buat Belajar,https://play-lh.googleusercontent.com/a/ACg8ocJYbI4U3mYDrYKU6tod1bFdq1IMMnkTkNUBWNGu-vyn2C0MPQ=mo,Apaan ga bisa dipake aplikasinya,1,0,1.0.4,2023-01-25 15:38:35,,,1.0.4
687a97c5-d4ca-4dfd-9217-b3d054b1310c,AHMAD TAUFIK,https://play-lh.googleusercontent.com/a-/ALV-UjU2uFLXpf16RGAMvPtZJHfB350oQ2XQigtY5a5-ScvU2byOutOg,Login Mulu tiap kali mau masuk,1,0,1.0.14,2023-12-26 10:22:40,,,1.0.14
2df597da-95b9-4754-8d6a-231628b561ef,Ega Scooby,https://play-lh.googleusercontent.com/a-/ALV-UjXtzC0I1gcBj6BfMif0Wf5Dan_PL0fynCX0vOPtyjTQCc3SyrKz,Email belum terverifikasi gimanaa neee dah 3 hari padahal nungguin nya,1,0,1.0.9,2023-05-22 20:43:09,,,1.0.9
dbb6a454-f82d-4a1c-88b9-f0e34cba3cf3,Pulepen Z,https://play-lh.googleusercontent.com/a/ACg8ocKq9n2exGpc0-c9fZrrXi7FwoD8aqeafTuqhfrSyQdwbjD2Fg=mo,"Saya sudah mendaftar tapi belum terverifikasi, bagaimana penyelesaiannya?",1,0,1.0.4,2023-02-04 11:05:19,,,1.0.4
22d8f8fc-840e-45c1-9628-317ba24f571d,PROJECK PERPUSTAKAAN,https://play-lh.googleusercontent.com/a-/ALV-UjXkpVA5-7SausjORTbGCyLZ20UqW6xIV_9SdEdTctsXv0Jvtjk5,mantap aplikasinya bisa membantu kami,5,5,,2022-12-31 18:53:27,,,
e61db354-6816-4a75-862a-ada252d35970,Imam Jamaludin,https://play-lh.googleusercontent.com/a/ACg8ocKuHZ08fCy6l2gnlissIjJy1bvli9LHJ1QI9GnIq-4ve5LeGw=mo,tidak bisa offline,2,0,1.0.6,2023-04-05 17:14:07,,,1.0.6
951c0f6f-974f-4dc8-8896-69fff97cd025,Triasi 96,https://play-lh.googleusercontent.com/a-/ALV-UjVcgezfi8Np7M-S2-IRUZdjPvtk7qSq4xWdndIyZ6uVvzkQdvM,Mau baca tapi filed terus,1,0,1.0.11,2023-11-03 11:23:45,,,1.0.11
21909c03-593c-4f17-91bc-e49f25ee0c29,jjungwinggum,https://play-lh.googleusercontent.com/a-/ALV-UjU-RFhGcn2Kr1TJEhSH7fz-Vvj59PiJowCG-toUwrZbXPyLeg4,sering banget keluar sendiri):,3,0,1.0.11,2023-11-07 06:05:27,,,1.0.11
be11fc6e-ab31-4ca3-9cb5-d25d03bbbfaa,Siti Mutmainnah,https://play-lh.googleusercontent.com/a/ACg8ocKlwOG-_uKAl82_5KMb0b2IwdDD-YZ9DLjR112WbF_E2PCiqQ=mo,ga bisa login fakkkk,1,0,1.0.11,2023-10-05 09:21:44,,,1.0.11
897b9caf-6a75-4afa-8c1a-e9f252cea958,Edo Anugrah Satria Pratama,https://play-lh.googleusercontent.com/a/ACg8ocKHBDerNJyL2tTV3Q37ih7oyzzR7JwOfloZRqqBS6mGsof_ng=mo,Verifikasinya gak ada. Bagaimana bisa log in?,1,0,,2023-04-04 20:16:11,,,
bdbeb341-813f-4efb-a083-f43e95dafcdd,Rahel Sitorus,https://play-lh.googleusercontent.com/a-/ALV-UjV-rGxMEgH4P9DV0HLSRSeB9MtMMpnvnypUlYOntZlwrhmm9BDs,Mau masuk akun tapi ga bisa-bisa.. tolong dibantu yaaa,1,0,1.0.5,2023-03-07 18:38:09,,,1.0.5
3c5c9c2b-2774-4a11-97ad-4f491b969970,Hendri Fathur,https://play-lh.googleusercontent.com/a/ACg8ocJEx2LeQTvh3rPPRrZ1-j3LxaAp4USpp1zn1igwuOHS_G0_IQ=mo,Login susah cuman koleksi buku banyak,3,0,,2023-03-01 18:24:16,,,
0132096e-1956-471e-a7d9-316f31ccc426,Edi Khudlori,https://play-lh.googleusercontent.com/a/ACg8ocI7-r--35hhCy9GYArU8HFQG_tuF8qFPgDMcTawDGTkCi16rQ=mo,Saya mengalami kendala masuk apk,1,0,1.0.5,2023-03-09 13:13:17,,,1.0.5
0e921305-01f2-4abc-91d7-3967da548bb7,ABAH H5H,https://play-lh.googleusercontent.com/a-/ALV-UjVWiTD8YWVIBQSDfvFE_SUWpz1waj3H8nCzUw9dycKnNZ7-wwtO,Sering log out sendiri.,1,0,1.0.9,2023-05-16 12:08:27,,,1.0.9
decdaf6b-b0f8-46f7-8da6-288dc108e723,Admin Pocadi,https://play-lh.googleusercontent.com/a/ACg8ocJfSshkG0qVSjVT8mWtTYfk_VNYQk0OAOJnGuOZHvAo9lMwMA=mo,menambah koleksi perpustakaan,5,0,,2023-09-04 13:46:27,,,
3cb46a09-0e09-4e0d-b472-120fe8b8bf6d,Abdullah Rizky,https://play-lh.googleusercontent.com/a/ACg8ocL2z4Hgn6FVlC5H4a5RKhOoBSEzs9Bu0-4p_ymU85Tj_o7xO-M=mo,Ga bisa daftar,1,0,1.0.9,2023-06-28 16:40:11,,,1.0.9
7d4c10d6-6c07-45b7-8ff0-ef2db65222f3,KBK,https://play-lh.googleusercontent.com/a-/ALV-UjXpXQJQZkchSMIWpgjxUK53kKl2cwxOVnzydcvRPxX7pp7gcQs,Aplikasinya keren,5,0,1.0.4,2023-01-19 08:32:00,,,1.0.4
406d78ff-e001-41da-9bab-247b3c42dccd,Prayoga,https://play-lh.googleusercontent.com/a-/ALV-UjU3cUjoCEjYAklpR0YIX_OVu45ayNHxH-kBbqvJNpRRYjT3fvS2,Sinyal lag cokkk,1,0,1.0.11,2023-08-31 07:15:56,,,1.0.11
25a8c97f-27ac-4941-8094-973df6072c7f,"Trisna Putra, SE",https://play-lh.googleusercontent.com/a/ACg8ocLAzPK-AcC1WNCY4q9hpkhV1VsLpGtoi17f_xx5DsG64tTh-A=mo,Tidak bisa di buka,1,0,1.0.9,2023-06-06 20:44:08,,,1.0.9
66f2092a-968f-446a-9f45-ab5406f63bb1,Hardianti Mawardhika,https://play-lh.googleusercontent.com/a/ACg8ocIbhrV-kOKuibz331n35d-SoSJhLpA8hd4Kv90jQH_YW0npnaY=mo,Hebat! Terima kasih üôè.,5,0,1.0.9,2023-04-14 17:25:07,,,1.0.9
d734fb98-42ee-457c-a682-d888c057c2c2,EFENDI BLTS TJ KARANG,https://play-lh.googleusercontent.com/a-/ALV-UjWrOU-owPnMPyaCvJsxZT8xc3F8CHeEnbXAqq-erjvr3J4F-_WY,Lola untuk login. ..,3,0,1.0.11,2023-07-04 14:53:25,,,1.0.11
9d5e07de-6b5d-44e6-a8a9-50eb6ad7146d,Muhammad Taufiqurrahmansyah,https://play-lh.googleusercontent.com/a-/ALV-UjWX7y3w5MvP1iwW5xCLW0VG8LuuQHpdWc1RvZBczD9slwPCp5us,Gk bisa dibuka,1,0,1.0.11,2023-10-30 20:13:26,,,1.0.11
a4a6904c-36b6-452e-bdab-53f01a6f95e4,syahruddin udin,https://play-lh.googleusercontent.com/a-/ALV-UjXvk7gyVoEqWNB6s8IXfZQ9m3PY8tpjCJAb8_0TRDvrypYInLg,Baik sekali,4,0,1.0.5,2023-02-28 22:33:39,,,1.0.5
03c85380-ded1-4c6e-bbcc-8320cdccb6bb,Rosid Ocid,https://play-lh.googleusercontent.com/a-/ALV-UjXHqSC2aRNna9jR3kDRZl9FiyGmfjthhLLT3XhIduzt5IdmwchX,Bagus sekali,5,1,1.0.4,2023-01-04 07:56:30,,,1.0.4
d7ac9bea-c650-4bb1-a7ea-f1ae1faf2e31,dewi sartika,https://play-lh.googleusercontent.com/a-/ALV-UjU2wZ2wSDrkiGhDEXBR_gUDfpZwgyMRvrB7u73W0crL2-AWSZex,Oke,5,0,1.0.14,2024-02-27 19:28:06,,,1.0.14
10eefffd-7045-4e21-ab04-6fa17c550b05,MUHAMMAD FADHLILLAH,https://play-lh.googleusercontent.com/a-/ALV-UjUC5gB1-8OmUInQT759qJzwIsy6U6BAyTbq_vQUxFyP-KLbAGwM,Stuck Mulu di loading,1,0,1.0.8,2023-04-09 12:48:05,,,1.0.8
ec850096-790c-4e24-808b-09966434e5c5,hukma ayu,https://play-lh.googleusercontent.com/a-/ALV-UjUAFUqrzTfzTx3o6rbjkkSQae3QbwiZRoNl1J_yYo4l3eiVDsio,Maa Syaa Allaah semoga berkah,5,0,1.0.6,2023-04-03 12:10:13,,,1.0.6
4e70a91c-d45a-4c86-9035-1f57566c6a29,tismat hamid,https://play-lh.googleusercontent.com/a/ACg8ocLxokXt2B2CZABtIWCQK4MQFGwyoqb0YiMtbs2ff8JIIL8vJR0=mo,Bagus,5,0,1.0.6,2023-03-19 17:54:57,,,1.0.6
c6c8aaa7-b552-4604-90e0-3a7c3bd844b4,Safar Roswadi_29,https://play-lh.googleusercontent.com/a/ACg8ocLrpSVE6eSF_xR1aD-rjWwBV7zzfBT7qTNhX9NV6XOchPKrHw=mo,Aplikasi jelek ngeleg melulu,1,1,1.0.4,2023-01-04 17:25:51,,,1.0.4
fa64b0ff-ba0e-4bbe-8d0e-551fe7e63101,kasidi albanawi,https://play-lh.googleusercontent.com/a-/ALV-UjUbQtA8upW4xQqIdpA6GYN5MHHHY9qfZ2VVN-n9O8OsY09BLXyV,Baik,5,0,1.0.4,2023-01-05 10:40:22,,,1.0.4
8432b80b-d8e3-4bbb-b590-577098905ca3,AKIK GAMBAR BERLIN,https://play-lh.googleusercontent.com/a-/ALV-UjVyB7qJox-Tm-nuuMLyF7i71cQOu128x2X6E5IeE12SkM0znB0wlg,Bagus,5,0,1.0.4,2023-01-18 09:13:39,,,1.0.4
